/*===============================================================================
| ANTES DE RODAR ESSE SCRIPT CRIE SEU PERFIL, OS INSERTS SÃO TODOS NO USUARIO 1 |
===============================================================================*/

USE pkmnHub_lite;

SET FOREIGN_KEY_CHECKS = 0;

INSERT INTO `cartas` (id, nome_carta, nome_set, numero_set, url_imagem) VALUES
(1,'Aurorus','Perfect Order','092/088','https://images.scrydex.com/pokemon/me3-92/small'),
(2,'Probopass','Perfect Order','096/088','https://images.scrydex.com/pokemon/me3-96/small'),
(3,'Talonflame','Perfect Order','091/088','https://images.scrydex.com/pokemon/me3-91/small'),
(4,'Budew','Ascended Heroes','221/217','https://images.scrydex.com/pokemon/me2pt5-221/small'),
(5,'Iono\'s Wattrel','Ascended Heroes','231/217','https://images.scrydex.com/pokemon/me2pt5-231/small'),
(6,'Team Rocket\'s Mimikyu','Ascended Heroes','238/217','https://images.scrydex.com/pokemon/me2pt5-238/small'),
(7,'Cynthia\'s Spiritomb','Ascended Heroes','244/217','https://images.scrydex.com/pokemon/me2pt5-244/small'),
(8,'Larry\'s Staraptor','Ascended Heroes','249/217','https://images.scrydex.com/pokemon/me2pt5-249/small'),
(9,'Fan Rotom','Ascended Heroes','250/217','https://images.scrydex.com/pokemon/me2pt5-250/small'),
(10,'Beautifly','Ascended Heroes','219/217','https://images.scrydex.com/pokemon/me2pt5-219/small'),
(11,'Dustox','Ascended Heroes','220/217','https://images.scrydex.com/pokemon/me2pt5-220/small'),
(12,'Ethan\'s Magcargo','Ascended Heroes','222/217','https://images.scrydex.com/pokemon/me2pt5-222/small'),
(13,'Numel','Ascended Heroes','223/217','https://images.scrydex.com/pokemon/me2pt5-223/small'),
(14,'Salazzle','Ascended Heroes','224/217','https://images.scrydex.com/pokemon/me2pt5-224/small'),
(15,'Scorbunny','Ascended Heroes','225/217','https://images.scrydex.com/pokemon/me2pt5-225/small'),
(16,'Psyduck','Ascended Heroes','226/217','https://images.scrydex.com/pokemon/me2pt5-226/small'),
(17,'Snorunt','Ascended Heroes','227/217','https://images.scrydex.com/pokemon/me2pt5-227/small'),
(18,'Weavile','Ascended Heroes','228/217','https://images.scrydex.com/pokemon/me2pt5-228/small'),
(19,'Heliolisk','Ascended Heroes','229/217','https://images.scrydex.com/pokemon/me2pt5-229/small'),
(20,'Vikavolt','Ascended Heroes','230/217','https://images.scrydex.com/pokemon/me2pt5-230/small'),
(21,'Marill','Ascended Heroes','232/217','https://images.scrydex.com/pokemon/me2pt5-232/small'),
(22,'Misdreavus','Ascended Heroes','233/217','https://images.scrydex.com/pokemon/me2pt5-233/small'),
(23,'Slurpuff','Ascended Heroes','236/217','https://images.scrydex.com/pokemon/me2pt5-236/small'),
(24,'Team Rocket\'s Dugtrio','Ascended Heroes','239/217','https://images.scrydex.com/pokemon/me2pt5-239/small'),
(25,'Hitmontop','Ascended Heroes','240/217','https://images.scrydex.com/pokemon/me2pt5-240/small'),
(26,'Carbink','Ascended Heroes','242/217','https://images.scrydex.com/pokemon/me2pt5-242/small'),
(27,'Galarian Obstagoon','Ascended Heroes','245/217','https://images.scrydex.com/pokemon/me2pt5-245/small'),
(28,'Ludicolo','Phantasmal Flames','095/094','https://images.scrydex.com/pokemon/me2-95/small'),
(29,'Nymble','Phantasmal Flames','096/094','https://images.scrydex.com/pokemon/me2-96/small'),
(30,'Dewgong','Phantasmal Flames','097/094','https://images.scrydex.com/pokemon/me2-97/small'),
(31,'Piplup','Phantasmal Flames','098/094','https://images.scrydex.com/pokemon/me2-98/small'),
(32,'Yamper','Phantasmal Flames','099/094','https://images.scrydex.com/pokemon/me2-99/small'),
(33,'Zacian','Phantasmal Flames','100/094','https://images.scrydex.com/pokemon/me2-100/small'),
(34,'Flygon','Phantasmal Flames','101/094','https://images.scrydex.com/pokemon/me2-101/small'),
(35,'Paldean Wooper','Phantasmal Flames','102/094','https://images.scrydex.com/pokemon/me2-102/small'),
(36,'Toxtricity','Phantasmal Flames','103/094','https://images.scrydex.com/pokemon/me2-103/small'),
(37,'Togedemaru','Phantasmal Flames','104/094','https://images.scrydex.com/pokemon/me2-104/small'),
(38,'Wigglytuff','Phantasmal Flames','105/094','https://images.scrydex.com/pokemon/me2-105/small'),
(39,'Meowth','Phantasmal Flames','106/094','https://images.scrydex.com/pokemon/me2-106/small'),
(40,'Ambipom','Phantasmal Flames','107/094','https://images.scrydex.com/pokemon/me2-107/small'),
(41,'Bulbasaur','Mega Evolution','133/132','https://images.scrydex.com/pokemon/me1-133/small'),
(42,'Ivysaur','Mega Evolution','134/132','https://images.scrydex.com/pokemon/me1-134/small'),
(43,'Exeggutor','Mega Evolution','135/132','https://images.scrydex.com/pokemon/me1-135/small'),
(44,'Shuckle','Mega Evolution','136/132','https://images.scrydex.com/pokemon/me1-136/small'),
(45,'Ninjask','Mega Evolution','137/132','https://images.scrydex.com/pokemon/me1-137/small'),
(46,'Vulpix','Mega Evolution','138/132','https://images.scrydex.com/pokemon/me1-138/small'),
(47,'Litleo','Mega Evolution','139/132','https://images.scrydex.com/pokemon/me1-139/small'),
(48,'Snover','Mega Evolution','140/132','https://images.scrydex.com/pokemon/me1-140/small'),
(49,'Clawitzer','Mega Evolution','141/132','https://images.scrydex.com/pokemon/me1-141/small'),
(50,'Inteleon','Mega Evolution','142/132','https://images.scrydex.com/pokemon/me1-142/small'),
(51,'Helioptile','Mega Evolution','143/132','https://images.scrydex.com/pokemon/me1-143/small'),
(52,'Shedinja','Mega Evolution','144/132','https://images.scrydex.com/pokemon/me1-144/small'),
(53,'Houndstone','Mega Evolution','145/132','https://images.scrydex.com/pokemon/me1-145/small'),
(54,'Marshadow','Mega Evolution','146/132','https://images.scrydex.com/pokemon/me1-146/small'),
(55,'Garganacl','Mega Evolution','147/132','https://images.scrydex.com/pokemon/me1-147/small'),
(56,'Spiritomb','Mega Evolution','148/132','https://images.scrydex.com/pokemon/me1-148/small'),
(57,'Shroodle','Mega Evolution','149/132','https://images.scrydex.com/pokemon/me1-149/small'),
(58,'Steelix','Mega Evolution','150/132','https://images.scrydex.com/pokemon/me1-150/small'),
(59,'Spearow','Mega Evolution','151/132','https://images.scrydex.com/pokemon/me1-151/small'),
(60,'Delibird','Mega Evolution','152/132','https://images.scrydex.com/pokemon/me1-152/small'),
(61,'Gumshoos','Mega Evolution','153/132','https://images.scrydex.com/pokemon/me1-153/small'),
(62,'Stufful','Mega Evolution','154/132','https://images.scrydex.com/pokemon/me1-154/small'),
(63,'Yanma','Destined Rivals','183/182','https://images.scrydex.com/pokemon/sv10-183/small'),
(64,'Cynthia\'s Roserade','Destined Rivals','184/182','https://images.scrydex.com/pokemon/sv10-184/small'),
(65,'Shaymin','Destined Rivals','185/182','https://images.scrydex.com/pokemon/sv10-185/small'),
(66,'Crustle','Destined Rivals','186/182','https://images.scrydex.com/pokemon/sv10-186/small'),
(67,'Team Rocket\'s Spidops','Destined Rivals','187/182','https://images.scrydex.com/pokemon/sv10-187/small'),
(68,'Hydrapple','Destined Rivals','188/182','https://images.scrydex.com/pokemon/sv10-188/small'),
(69,'Rapidash','Destined Rivals','189/182','https://images.scrydex.com/pokemon/sv10-189/small'),
(70,'Ethan\'s Typhlosion','Destined Rivals','190/182','https://images.scrydex.com/pokemon/sv10-190/small'),
(71,'Team Rocket\'s Houndoom','Destined Rivals','191/182','https://images.scrydex.com/pokemon/sv10-191/small'),
(72,'Blaziken','Destined Rivals','192/182','https://images.scrydex.com/pokemon/sv10-192/small'),
(73,'Clamperl','Destined Rivals','195/182','https://images.scrydex.com/pokemon/sv10-195/small'),
(74,'Electrike','Destined Rivals','196/182','https://images.scrydex.com/pokemon/sv10-196/small'),
(75,'Rotom','Destined Rivals','197/182','https://images.scrydex.com/pokemon/sv10-197/small'),
(76,'Team Rocket\'s Orbeetle','Destined Rivals','198/182','https://images.scrydex.com/pokemon/sv10-198/small'),
(77,'Team Rocket\'s Weezing','Destined Rivals','199/182','https://images.scrydex.com/pokemon/sv10-199/small'),
(78,'Team Rocket\'s Murkrow','Destined Rivals','200/182','https://images.scrydex.com/pokemon/sv10-200/small'),
(79,'Zamazenta','Destined Rivals','201/182','https://images.scrydex.com/pokemon/sv10-201/small'),
(80,'Team Rocket\'s Raticate','Destined Rivals','202/182','https://images.scrydex.com/pokemon/sv10-202/small'),
(81,'Team Rocket\'s Meowth','Destined Rivals','203/182','https://images.scrydex.com/pokemon/sv10-203/small'),
(82,'Kangaskhan','Destined Rivals','204/182','https://images.scrydex.com/pokemon/sv10-204/small'),
(83,'Arven\'s Greedent','Destined Rivals','205/182','https://images.scrydex.com/pokemon/sv10-205/small'),
(84,'Charizard ex','Paldean Fates','234/091','https://images.scrydex.com/pokemon/sv4pt5-234/small'),
(85,'Pikachu','Paldean Fates','131/091','https://images.scrydex.com/pokemon/sv4pt5-131/small'),
(86,'Raichu','Paldean Fates','132/091','https://images.scrydex.com/pokemon/sv4pt5-132/small'),
(87,'Maractus','Journey Together','160/159','https://images.scrydex.com/pokemon/sv9-160/small'),
(88,'Articuno','Journey Together','161/159','https://images.scrydex.com/pokemon/sv9-161/small'),
(89,'Wailord','Journey Together','162/159','https://images.scrydex.com/pokemon/sv9-162/small'),
(90,'Iono\'s Kilowattrel','Journey Together','163/159','https://images.scrydex.com/pokemon/sv9-163/small'),
(91,'Lillie\'s Ribombee','Journey Together','164/159','https://images.scrydex.com/pokemon/sv9-164/small'),
(92,'Swinub','Journey Together','165/159','https://images.scrydex.com/pokemon/sv9-165/small'),
(93,'Lycanroc','Journey Together','166/159','https://images.scrydex.com/pokemon/sv9-166/small'),
(94,'N\'s Reshiram','Journey Together','167/159','https://images.scrydex.com/pokemon/sv9-167/small'),
(95,'Furret','Journey Together','168/159','https://images.scrydex.com/pokemon/sv9-168/small'),
(96,'Noibat','Journey Together','169/159','https://images.scrydex.com/pokemon/sv9-169/small'),
(97,'Hop\'s Wooloo','Journey Together','170/159','https://images.scrydex.com/pokemon/sv9-170/small'),
(98,'Exeggcute','Surging Sparks','192/191','https://images.scrydex.com/pokemon/sv8-192/small'),
(99,'Vivillon','Surging Sparks','193/191','https://images.scrydex.com/pokemon/sv8-193/small'),
(100,'Shiinotic','Surging Sparks','194/191','https://images.scrydex.com/pokemon/sv8-194/small'),
(101,'Castform Sunny Form','Surging Sparks','195/191','https://images.scrydex.com/pokemon/sv8-195/small'),
(102,'Larvesta','Surging Sparks','196/191','https://images.scrydex.com/pokemon/sv8-196/small'),
(103,'Ceruledge','Surging Sparks','197/191','https://images.scrydex.com/pokemon/sv8-197/small'),
(104,'Feebas','Surging Sparks','198/191','https://images.scrydex.com/pokemon/sv8-198/small'),
(105,'Spheal','Surging Sparks','199/191','https://images.scrydex.com/pokemon/sv8-199/small'),
(106,'Bruxish','Surging Sparks','200/191','https://images.scrydex.com/pokemon/sv8-200/small'),
(107,'Cetitan','Surging Sparks','201/191','https://images.scrydex.com/pokemon/sv8-201/small'),
(108,'Stunfisk','Surging Sparks','202/191','https://images.scrydex.com/pokemon/sv8-202/small'),
(109,'Latios','Surging Sparks','203/191','https://images.scrydex.com/pokemon/sv8-203/small'),
(110,'Mesprit','Surging Sparks','204/191','https://images.scrydex.com/pokemon/sv8-204/small'),
(111,'Phanpy','Surging Sparks','205/191','https://images.scrydex.com/pokemon/sv8-205/small'),
(112,'Vibrava','Surging Sparks','206/191','https://images.scrydex.com/pokemon/sv8-206/small'),
(113,'Clobbopus','Surging Sparks','207/191','https://images.scrydex.com/pokemon/sv8-207/small'),
(114,'Alolan Dugtrio','Surging Sparks','208/191','https://images.scrydex.com/pokemon/sv8-208/small'),
(115,'Skarmory','Surging Sparks','209/191','https://images.scrydex.com/pokemon/sv8-209/small'),
(116,'Flapple','Surging Sparks','210/191','https://images.scrydex.com/pokemon/sv8-210/small'),
(117,'Appletun','Surging Sparks','211/191','https://images.scrydex.com/pokemon/sv8-211/small'),
(118,'Slakoth','Surging Sparks','212/191','https://images.scrydex.com/pokemon/sv8-212/small'),
(119,'Kecleon','Surging Sparks','213/191','https://images.scrydex.com/pokemon/sv8-213/small'),
(120,'Braviary','Surging Sparks','214/191','https://images.scrydex.com/pokemon/sv8-214/small'),
(121,'Bulbasaur','Stellar Crown','143/142','https://images.scrydex.com/pokemon/sv7-143/small'),
(122,'Ledian','Stellar Crown','144/142','https://images.scrydex.com/pokemon/sv7-144/small'),
(123,'Lileep','Stellar Crown','145/142','https://images.scrydex.com/pokemon/sv7-145/small'),
(124,'Turtonator','Stellar Crown','146/142','https://images.scrydex.com/pokemon/sv7-146/small'),
(125,'Raboot','Stellar Crown','147/142','https://images.scrydex.com/pokemon/sv7-147/small'),
(126,'Squirtle','Stellar Crown','148/142','https://images.scrydex.com/pokemon/sv7-148/small'),
(127,'Crabominable','Stellar Crown','149/142','https://images.scrydex.com/pokemon/sv7-149/small'),
(128,'Joltik','Stellar Crown','150/142','https://images.scrydex.com/pokemon/sv7-150/small'),
(129,'Zeraora','Stellar Crown','151/142','https://images.scrydex.com/pokemon/sv7-151/small'),
(130,'Milcery','Stellar Crown','152/142','https://images.scrydex.com/pokemon/sv7-152/small'),
(131,'Meditite','Stellar Crown','153/142','https://images.scrydex.com/pokemon/sv7-153/small'),
(132,'Gulpin','Stellar Crown','154/142','https://images.scrydex.com/pokemon/sv7-154/small'),
(133,'Archaludon','Stellar Crown','155/142','https://images.scrydex.com/pokemon/sv7-155/small'),
(134,'Bewear','Shrouded Fable','079/064','https://images.scrydex.com/pokemon/sv6pt5-79/small'),
(135,'Fraxure','Shrouded Fable','077/064','https://images.scrydex.com/pokemon/sv6pt5-77/small'),
(136,'Cufant','Shrouded Fable','076/064','https://images.scrydex.com/pokemon/sv6pt5-76/small'),
(137,'Zorua','Shrouded Fable','075/064','https://images.scrydex.com/pokemon/sv6pt5-75/small'),
(138,'Fezandipiti','Shrouded Fable','073/064','https://images.scrydex.com/pokemon/sv6pt5-73/small'),
(139,'Okidogi','Shrouded Fable','074/064','https://images.scrydex.com/pokemon/sv6pt5-74/small'),
(140,'Cresselia','Shrouded Fable','071/064','https://images.scrydex.com/pokemon/sv6pt5-71/small'),
(141,'Houndoom','Shrouded Fable','066/064','https://images.scrydex.com/pokemon/sv6pt5-66/small'),
(142,'Tapu Bulu','Shrouded Fable','065/064','https://images.scrydex.com/pokemon/sv6pt5-65/small'),
(143,'Eevee','Twilight Masquerade','188/167','https://images.scrydex.com/pokemon/sv6-188/small'),
(144,'Chansey','Twilight Masquerade','187/167','https://images.scrydex.com/pokemon/sv6-187/small'),
(145,'Tatsugiri','Twilight Masquerade','186/167','https://images.scrydex.com/pokemon/sv6-186/small'),
(146,'Applin','Twilight Masquerade','185/167','https://images.scrydex.com/pokemon/sv6-185/small'),
(147,'Lairon','Twilight Masquerade','184/167','https://images.scrydex.com/pokemon/sv6-184/small'),
(148,'Timburr','Twilight Masquerade','183/167','https://images.scrydex.com/pokemon/sv6-183/small'),
(149,'Probopass','Twilight Masquerade','182/167','https://images.scrydex.com/pokemon/sv6-182/small'),
(150,'Hisuian Growlithe','Twilight Masquerade','181/167','https://images.scrydex.com/pokemon/sv6-181/small'),
(151,'Enamorus','Twilight Masquerade','180/167','https://images.scrydex.com/pokemon/sv6-180/small'),
(152,'Chimecho','Twilight Masquerade','179/167','https://images.scrydex.com/pokemon/sv6-179/small'),
(153,'Wattrel','Twilight Masquerade','178/167','https://images.scrydex.com/pokemon/sv6-178/small'),
(154,'Heliolisk','Twilight Masquerade','177/167','https://images.scrydex.com/pokemon/sv6-177/small'),
(155,'Cramorant','Twilight Masquerade','176/167','https://images.scrydex.com/pokemon/sv6-176/small'),
(156,'Phione','Twilight Masquerade','175/167','https://images.scrydex.com/pokemon/sv6-175/small'),
(157,'Froslass','Twilight Masquerade','174/167','https://images.scrydex.com/pokemon/sv6-174/small'),
(158,'Infernape','Twilight Masquerade','173/167','https://images.scrydex.com/pokemon/sv6-173/small'),
(159,'Torkoal','Twilight Masquerade','172/167','https://images.scrydex.com/pokemon/sv6-172/small'),
(160,'Poltchageist','Twilight Masquerade','171/167','https://images.scrydex.com/pokemon/sv6-171/small'),
(161,'Dipplin','Twilight Masquerade','170/167','https://images.scrydex.com/pokemon/sv6-170/small'),
(162,'Sunflora','Twilight Masquerade','169/167','https://images.scrydex.com/pokemon/sv6-169/small'),
(163,'Pinsir','Twilight Masquerade','168/167','https://images.scrydex.com/pokemon/sv6-168/small'),
(164,'Cinccino','Temporal Forces','183/162','https://images.scrydex.com/pokemon/sv5-183/small'),
(165,'Chatot','Temporal Forces','181/162','https://images.scrydex.com/pokemon/sv5-181/small'),
(166,'Lickitung','Temporal Forces','180/162','https://images.scrydex.com/pokemon/sv5-180/small'),
(167,'Meltan','Temporal Forces','179/162','https://images.scrydex.com/pokemon/sv5-179/small'),
(168,'Metagross','Temporal Forces','178/162','https://images.scrydex.com/pokemon/sv5-178/small'),
(169,'Arbok','Temporal Forces','176/162','https://images.scrydex.com/pokemon/sv5-176/small'),
(170,'Mudsdale','Temporal Forces','175/162','https://images.scrydex.com/pokemon/sv5-175/small'),
(171,'Excadrill','Temporal Forces','174/162','https://images.scrydex.com/pokemon/sv5-174/small'),
(172,'Reuniclus','Temporal Forces','171/162','https://images.scrydex.com/pokemon/sv5-171/small'),
(173,'Bronzor','Temporal Forces','170/162','https://images.scrydex.com/pokemon/sv5-170/small'),
(174,'Charjabug','Temporal Forces','169/162','https://images.scrydex.com/pokemon/sv5-169/small'),
(175,'Snom','Temporal Forces','168/162','https://images.scrydex.com/pokemon/sv5-168/small'),
(176,'Litten','Temporal Forces','167/162','https://images.scrydex.com/pokemon/sv5-167/small'),
(177,'Deerling','Temporal Forces','165/162','https://images.scrydex.com/pokemon/sv5-165/small'),
(178,'Grotle','Temporal Forces','164/162','https://images.scrydex.com/pokemon/sv5-164/small'),
(179,'Shiftry','Temporal Forces','163/162','https://images.scrydex.com/pokemon/sv5-163/small'),
(180,'Pawmi','Paldean Fates','226/091','https://images.scrydex.com/pokemon/sv4pt5-226/small'),
(181,'Palafin','Paldean Fates','225/091','https://images.scrydex.com/pokemon/sv4pt5-225/small'),
(182,'Wugtrio','Paldean Fates','224/091','https://images.scrydex.com/pokemon/sv4pt5-224/small'),
(183,'Porygon-Z','Paradox Rift','214/182','https://images.scrydex.com/pokemon/sv4-214/small'),
(184,'Swablu','Paradox Rift','213/182','https://images.scrydex.com/pokemon/sv4-213/small'),
(185,'Aegislash','Paradox Rift','210/182','https://images.scrydex.com/pokemon/sv4-210/small'),
(186,'Morpeko','Paradox Rift','206/182','https://images.scrydex.com/pokemon/sv4-206/small'),
(187,'Garganacl','Paradox Rift','202/182','https://images.scrydex.com/pokemon/sv4-202/small'),
(188,'Minior','Paradox Rift','201/182','https://images.scrydex.com/pokemon/sv4-201/small'),
(189,'Mienshao','Paradox Rift','200/182','https://images.scrydex.com/pokemon/sv4-200/small'),
(190,'Espathra','Paradox Rift','197/182','https://images.scrydex.com/pokemon/sv4-197/small'),
(191,'Blitzle','Paradox Rift','195/182','https://images.scrydex.com/pokemon/sv4-195/small'),
(192,'Wimpod','Paradox Rift','191/182','https://images.scrydex.com/pokemon/sv4-191/small'),
(193,'Vanillish','Paradox Rift','190/182','https://images.scrydex.com/pokemon/sv4-190/small'),
(194,'Mantyke','Paradox Rift','189/182','https://images.scrydex.com/pokemon/sv4-189/small'),
(195,'Veluza','Paradox Rift','192/182','https://images.scrydex.com/pokemon/sv4-192/small'),
(196,'Magby','Paradox Rift','186/182','https://images.scrydex.com/pokemon/sv4-186/small'),
(197,'Toedscruel','Paradox Rift','185/182','https://images.scrydex.com/pokemon/sv4-185/small'),
(198,'Crustle','Paradox Rift','183/182','https://images.scrydex.com/pokemon/sv4-183/small'),
(199,'Dragonair','151','181/165','https://images.scrydex.com/pokemon/sv3pt5-181/small'),
(200,'Omanyte','151','180/165','https://images.scrydex.com/pokemon/sv3pt5-180/small'),
(201,'Mr. Mime','151','179/165','https://images.scrydex.com/pokemon/sv3pt5-179/small'),
(202,'Tangela','151','178/165','https://images.scrydex.com/pokemon/sv3pt5-178/small'),
(203,'Machoke','151','177/165','https://images.scrydex.com/pokemon/sv3pt5-177/small'),
(204,'Poliwhirl','151','176/165','https://images.scrydex.com/pokemon/sv3pt5-176/small'),
(205,'Nidoking','151','174/165','https://images.scrydex.com/pokemon/sv3pt5-174/small'),
(206,'Squirtle','151','170/165','https://images.scrydex.com/pokemon/sv3pt5-170/small'),
(207,'Caterpie','151','172/165','https://images.scrydex.com/pokemon/sv3pt5-172/small'),
(208,'Lechonk','Obsidian Flames','209/197','https://images.scrydex.com/pokemon/sv3-209/small'),
(209,'Pidgey','Obsidian Flames','207/197','https://images.scrydex.com/pokemon/sv3-207/small'),
(210,'Varoom','Obsidian Flames','206/197','https://images.scrydex.com/pokemon/sv3-206/small'),
(211,'Scizor','Obsidian Flames','205/197','https://images.scrydex.com/pokemon/sv3-205/small'),
(212,'Houndour','Obsidian Flames','204/197','https://images.scrydex.com/pokemon/sv3-204/small'),
(213,'Cleffa','Obsidian Flames','202/197','https://images.scrydex.com/pokemon/sv3-202/small'),
(214,'Bellibolt','Obsidian Flames','201/197','https://images.scrydex.com/pokemon/sv3-201/small'),
(215,'Palafin','Obsidian Flames','200/197','https://images.scrydex.com/pokemon/sv3-200/small'),
(216,'Ninetales','Obsidian Flames','199/197','https://images.scrydex.com/pokemon/sv3-199/small'),
(217,'Gloom','Obsidian Flames','198/197','https://images.scrydex.com/pokemon/sv3-198/small'),
(218,'Orthworm','Paldea Evolved','224/193','https://images.scrydex.com/pokemon/sv2-224/small'),
(219,'Pyroar','Paldea Evolved','200/193','https://images.scrydex.com/pokemon/sv2-200/small'),
(220,'Grafaiai','Paldea Evolved','223/193','https://images.scrydex.com/pokemon/sv2-223/small'),
(221,'Nacli','Paldea Evolved','220/193','https://images.scrydex.com/pokemon/sv2-220/small'),
(222,'Paldean Tauros','Paldea Evolved','218/193','https://images.scrydex.com/pokemon/sv2-218/small'),
(223,'Tinkatuff','Paldea Evolved','217/193','https://images.scrydex.com/pokemon/sv2-217/small'),
(224,'Tinkatink','Paldea Evolved','216/193','https://images.scrydex.com/pokemon/sv2-216/small'),
(225,'Rabsca','Paldea Evolved','215/193','https://images.scrydex.com/pokemon/sv2-215/small'),
(226,'Mismagius','Paldea Evolved','212/193','https://images.scrydex.com/pokemon/sv2-212/small'),
(227,'Raichu','Paldea Evolved','211/193','https://images.scrydex.com/pokemon/sv2-211/small'),
(228,'Quaxwell','Paldea Evolved','207/193','https://images.scrydex.com/pokemon/sv2-207/small'),
(229,'Quaxly','Paldea Evolved','206/193','https://images.scrydex.com/pokemon/sv2-206/small'),
(230,'Fletchinder','Paldea Evolved','199/193','https://images.scrydex.com/pokemon/sv2-199/small'),
(231,'Tropius','Paldea Evolved','195/193','https://images.scrydex.com/pokemon/sv2-195/small'),
(232,'Skwovet','Scarlet & Violet','222/198','https://images.scrydex.com/pokemon/sv1-222/small'),
(233,'Starly','Scarlet & Violet','221/198','https://images.scrydex.com/pokemon/sv1-221/small'),
(234,'Kingambit','Scarlet & Violet','220/198','https://images.scrydex.com/pokemon/sv1-220/small'),
(235,'Bombirdier','Scarlet & Violet','219/198','https://images.scrydex.com/pokemon/sv1-219/small'),
(236,'Mabosstiff','Scarlet & Violet','218/198','https://images.scrydex.com/pokemon/sv1-218/small'),
(237,'Klawf','Scarlet & Violet','217/198','https://images.scrydex.com/pokemon/sv1-217/small'),
(238,'Sandile','Scarlet & Violet','216/198','https://images.scrydex.com/pokemon/sv1-216/small'),
(239,'Fidough','Scarlet & Violet','213/198','https://images.scrydex.com/pokemon/sv1-213/small'),
(240,'Pawmot','Scarlet & Violet','209/198','https://images.scrydex.com/pokemon/sv1-209/small'),
(241,'Pachirisu','Scarlet & Violet','208/198','https://images.scrydex.com/pokemon/sv1-208/small'),
(242,'Dondozo','Scarlet & Violet','207/198','https://images.scrydex.com/pokemon/sv1-207/small'),
(243,'Wiglett','Scarlet & Violet','206/198','https://images.scrydex.com/pokemon/sv1-206/small'),
(244,'Armarouge','Scarlet & Violet','203/198','https://images.scrydex.com/pokemon/sv1-203/small'),
(245,'Scovillain','Scarlet & Violet','202/198','https://images.scrydex.com/pokemon/sv1-202/small'),
(246,'Toedscool','Scarlet & Violet','201/198','https://images.scrydex.com/pokemon/sv1-201/small'),
(247,'Flittle','Paldean Fates','164/091','https://images.scrydex.com/pokemon/sv4pt5-164/small'),
(248,'Snover','Paldean Fates','100/091','https://images.scrydex.com/pokemon/sv4pt5-100/small'),
(249,'Finizen','Paldean Fates','123/091','https://images.scrydex.com/pokemon/sv4pt5-123/small'),
(250,'Wugtrio','Paldean Fates','122/091','https://images.scrydex.com/pokemon/sv4pt5-122/small'),
(251,'Scovillain','Paldean Fates','107/091','https://images.scrydex.com/pokemon/sv4pt5-107/small'),
(252,'Blastoise ex','Stellar Crown','030/142','https://images.scrydex.com/pokemon/sv7-30/small'),
(253,'Neutralization Zone','Shrouded Fable','060/064','https://images.scrydex.com/pokemon/sv6pt5-60/small'),
(254,'Xatu','Paldean Fates','152/091','https://images.scrydex.com/pokemon/sv4pt5-152/small'),
(255,'Iris\'s Fighting Spirit','Journey Together','180/159','https://images.scrydex.com/pokemon/sv9-180/small'),
(256,'Murkrow','Paldean Fates','181/091','https://images.scrydex.com/pokemon/sv4pt5-181/small'),
(257,'Scyther','Paldean Fates','095/091','https://images.scrydex.com/pokemon/sv4pt5-95/small'),
(258,'Garganacl','Paldean Fates','178/091','https://images.scrydex.com/pokemon/sv4pt5-178/small'),
(259,'Pidgeot ex','Paldean Fates','221/091','https://images.scrydex.com/pokemon/sv4pt5-221/small'),
(260,'Maximum Belt','Prismatic Evolutions','117/131','https://images.scrydex.com/pokemon/sv8pt5-117/small'),
(261,'Lillie\'s Clefairy ex','Journey Together','056/159','https://images.scrydex.com/pokemon/sv9-56/small'),
(262,'Oinkologne','Paldean Fates','208/091','https://images.scrydex.com/pokemon/sv4pt5-208/small'),
(263,'Weavile','Paldean Fates','183/091','https://images.scrydex.com/pokemon/sv4pt5-183/small'),
(264,'Grafaiai','Paldean Fates','190/091','https://images.scrydex.com/pokemon/sv4pt5-190/small'),
(265,'Max Rod','Prismatic Evolutions','116/131','https://images.scrydex.com/pokemon/sv8pt5-116/small'),
(266,'Teal Mask Ogerpon ex','Prismatic Evolutions','012/131','https://images.scrydex.com/pokemon/sv8pt5-12/small'),
(267,'Switch','151','206/165','https://images.scrydex.com/pokemon/sv3pt5-206/small'),
(268,'Slowbro','Paldean Fates','117/091','https://images.scrydex.com/pokemon/sv4pt5-117/small'),
(269,'Chi-Yu ex','Paldean Fates','241/091','https://images.scrydex.com/pokemon/sv4pt5-241/small'),
(270,'Wo-Chien ex','Paldean Fates','240/091','https://images.scrydex.com/pokemon/sv4pt5-240/small'),
(271,'Armarouge','Paldean Fates','115/091','https://images.scrydex.com/pokemon/sv4pt5-115/small'),
(272,'Flamigo','Paldean Fates','211/091','https://images.scrydex.com/pokemon/sv4pt5-211/small'),
(273,'Chien-Pao ex','Paldean Fates','242/091','https://images.scrydex.com/pokemon/sv4pt5-242/small'),
(274,'Miraidon ex','Paldean Fates','243/091','https://images.scrydex.com/pokemon/sv4pt5-243/small'),
(275,'Arven','Paldean Fates','235/091','https://images.scrydex.com/pokemon/sv4pt5-235/small'),
(276,'Gholdengo ex','Paradox Rift','139/182','https://images.scrydex.com/pokemon/sv4-139/small'),
(277,'Penny','Paldean Fates','239/091','https://images.scrydex.com/pokemon/sv4pt5-239/small'),
(278,'Ceruledge','Paldean Fates','162/091','https://images.scrydex.com/pokemon/sv4pt5-162/small'),
(279,'Durant ex','Surging Sparks','236/191','https://images.scrydex.com/pokemon/sv8-236/small'),
(280,'Mew ex','Paldean Fates','216/091','https://images.scrydex.com/pokemon/sv4pt5-216/small'),
(281,'Charmander','Paldean Fates','109/091','https://images.scrydex.com/pokemon/sv4pt5-109/small'),
(282,'Charmeleon','Paldean Fates','110/091','https://images.scrydex.com/pokemon/sv4pt5-110/small'),
(283,'Hydreigon ex','Surging Sparks','240/191','https://images.scrydex.com/pokemon/sv8-240/small'),
(284,'Lisia\'s Appeal','Surging Sparks','246/191','https://images.scrydex.com/pokemon/sv8-246/small'),
(285,'Night Stretcher','Surging Sparks','251/191','https://images.scrydex.com/pokemon/sv8-251/small'),
(286,'Iron Hands ex','Paradox Rift','248/182','https://images.scrydex.com/pokemon/sv4-248/small'),
(287,'Salamence ex','Journey Together','187/159','https://images.scrydex.com/pokemon/sv9-187/small'),
(288,'Milotic ex','Surging Sparks','237/191','https://images.scrydex.com/pokemon/sv8-237/small'),
(289,'Latias ex','Surging Sparks','239/191','https://images.scrydex.com/pokemon/sv8-239/small'),
(290,'Metang','Chaos Rising','094/086','https://images.scrydex.com/pokemon/me4-94/small'),
(291,'Sliggoo','Chaos Rising','095/086','https://images.scrydex.com/pokemon/me4-95/small'),
(292,'Watchog','Chaos Rising','097/086','https://images.scrydex.com/pokemon/me4-97/small'),
(293,'Rowlet','Perfect Order','090/088','https://images.scrydex.com/pokemon/me3-90/small'),
(294,'Clefairy','Perfect Order','094/088','https://images.scrydex.com/pokemon/me3-94/small'),
(295,'N\'s Zoroark ex','Journey Together','185/159','https://images.scrydex.com/pokemon/sv9-185/small'),
(296,'Gastly','Temporal Forces','177/162','https://images.scrydex.com/pokemon/sv5-177/small'),
(297,'Sprigatito','Paldea Evolved','196/193','https://images.scrydex.com/pokemon/sv2-196/small'),
(298,'Scream Tail','Scarlet & Violet Black Star Promos','065','https://images.scrydex.com/pokemon/svp-65/small'),
(299,'Thundurus','Scarlet & Violet Black Star Promos','209','https://images.scrydex.com/pokemon/svp-209/small'),
(300,'Tauros','Chaos Rising','096/086','https://images.scrydex.com/pokemon/me4-96/small'),
(301,'Claydol','Chaos Rising','092/086','https://images.scrydex.com/pokemon/me4-92/small'),
(302,'Ampharos','Chaos Rising','090/086','https://images.scrydex.com/pokemon/me4-90/small'),
(303,'Frogadier','Chaos Rising','089/086','https://images.scrydex.com/pokemon/me4-89/small'),
(304,'Froakie','Chaos Rising','088/086','https://images.scrydex.com/pokemon/me4-88/small'),
(305,'Chespin','Chaos Rising','087/086','https://images.scrydex.com/pokemon/me4-87/small'),
(306,'Erika\'s Tangela','Ascended Heroes','218/217','https://images.scrydex.com/pokemon/me2pt5-218/small'),
(307,'Banette','Ascended Heroes','234/217','https://images.scrydex.com/pokemon/me2pt5-234/small'),
(308,'Hop\'s Trevenant','Ascended Heroes','237/217','https://images.scrydex.com/pokemon/me2pt5-237/small'),
(309,'Mawile','Ascended Heroes','246/217','https://images.scrydex.com/pokemon/me2pt5-246/small'),
(310,'Loudred','Paradox Rift','212/182','https://images.scrydex.com/pokemon/sv4-212/small'),
(311,'Spewpa','Perfect Order','089/088','https://images.scrydex.com/pokemon/me3-89/small'),
(312,'Espurr','Perfect Order','095/088','https://images.scrydex.com/pokemon/me3-95/small'),
(313,'Drapion','Perfect Order','097/088','https://images.scrydex.com/pokemon/me3-97/small'),
(314,'Doublade','Perfect Order','098/088','https://images.scrydex.com/pokemon/me3-98/small'),
(315,'Raticate','Perfect Order','099/088','https://images.scrydex.com/pokemon/me3-99/small'),
(316,'Xerneas','Chaos Rising','091/086','https://images.scrydex.com/pokemon/me4-91/small'),
(317,'Crobat','Chaos Rising','093/086','https://images.scrydex.com/pokemon/me4-93/small'),
(318,'Oddish','Phantasmal Flames','001/094','https://images.scrydex.com/pokemon/me2-1/small');

INSERT INTO `colecao` (fk_usuario, fk_carta, quantidade, preco_compra, preco_ligaPkmn, data_adicao) VALUES
(1,1,1,10.00,13.99,'2026-05-18 03:00:01'),
(1,2,1,3.00,4.50,'2026-05-18 03:00:02'),
(1,3,1,8.00,12.42,'2026-05-18 03:00:03'),
(1,4,1,45.00,56.43,'2026-05-18 03:00:04'),
(1,5,1,25.00,36.63,'2026-05-18 03:00:05'),
(1,6,2,50.00,69.30,'2026-05-18 03:00:06'),
(1,7,1,30.00,42.50,'2026-05-18 03:00:07'),
(1,8,1,13.00,18.99,'2026-05-18 03:00:08'),
(1,9,1,20.00,27.00,'2026-05-18 03:00:09'),
(1,10,1,16.00,23.28,'2026-05-18 03:00:10'),
(1,11,1,9.00,14.25,'2026-05-18 03:00:11'),
(1,12,1,0.00,29.40,'2026-05-18 03:00:12'),
(1,13,1,10.00,14.50,'2026-05-18 03:00:13'),
(1,14,1,9.00,13.20,'2026-05-18 03:00:14'),
(1,15,1,26.00,37.99,'2026-05-18 03:00:15'),
(1,16,1,150.00,233.00,'2026-05-18 03:00:16'),
(1,17,1,27.00,39.20,'2026-05-18 03:00:17'),
(1,18,1,13.00,19.79,'2026-05-18 03:00:18'),
(1,19,1,8.00,12.45,'2026-05-18 03:00:19'),
(1,20,1,8.00,10.00,'2026-05-18 03:00:20'),
(1,21,1,0.00,22.00,'2026-05-18 03:00:21'),
(1,22,1,12.00,18.00,'2026-05-18 03:00:22'),
(1,23,1,13.00,19.00,'2026-05-18 03:00:23'),
(1,24,1,17.00,24.84,'2026-05-18 03:00:24'),
(1,25,2,17.85,21.00,'2026-05-18 03:00:25'),
(1,26,1,12.00,17.98,'2026-05-18 03:00:26'),
(1,27,1,12.00,17.79,'2026-05-18 03:00:27'),
(1,28,1,6.00,8.85,'2026-05-18 03:00:28'),
(1,29,1,5.00,6.98,'2026-05-18 03:00:29'),
(1,30,1,12.00,17.90,'2026-05-18 03:00:30'),
(1,31,1,15.00,43.00,'2026-05-18 03:00:31'),
(1,32,1,7.00,11.00,'2026-05-18 03:00:32'),
(1,33,1,10.00,14.50,'2026-05-18 03:00:33'),
(1,34,1,7.00,10.50,'2026-05-18 03:00:34'),
(1,35,1,7.00,9.95,'2026-05-18 03:00:35'),
(1,36,1,11.00,15.90,'2026-05-18 03:00:36'),
(1,37,1,7.00,9.90,'2026-05-18 03:00:37'),
(1,38,1,16.00,22.90,'2026-05-18 03:00:38'),
(1,39,1,27.00,78.00,'2026-05-18 03:00:39'),
(1,40,1,7.00,9.90,'2026-05-18 03:00:40'),
(1,41,1,19.89,28.41,'2026-05-18 03:00:41'),
(1,42,1,27.00,74.38,'2026-05-18 03:00:42'),
(1,43,1,16.73,23.90,'2026-05-18 03:00:43'),
(1,44,1,7.94,11.35,'2026-05-18 03:00:44'),
(1,45,1,10.50,15.00,'2026-05-18 03:00:45'),
(1,46,1,18.00,54.90,'2026-05-18 03:00:46'),
(1,47,1,9.27,13.25,'2026-05-18 03:00:47'),
(1,48,1,5.60,8.00,'2026-05-18 03:00:48'),
(1,49,1,5.28,7.55,'2026-05-18 03:00:49'),
(1,50,1,10.43,14.90,'2026-05-18 03:00:50'),
(1,51,1,8.40,12.00,'2026-05-18 03:00:51'),
(1,52,1,6.92,9.89,'2026-05-18 03:00:52'),
(1,53,1,6.55,9.36,'2026-05-18 03:00:53'),
(1,54,1,23.73,33.90,'2026-05-18 03:00:54'),
(1,55,1,5.22,7.46,'2026-05-18 03:00:55'),
(1,56,1,8.05,11.50,'2026-05-18 03:00:56'),
(1,57,1,5.28,7.55,'2026-05-18 03:00:57'),
(1,58,1,15.40,22.00,'2026-05-18 03:00:58'),
(1,59,1,15.39,21.99,'2026-05-18 03:00:59'),
(1,60,1,10.36,14.80,'2026-05-18 03:01:00'),
(1,61,1,7.18,10.26,'2026-05-18 03:01:01'),
(1,62,1,8.40,12.00,'2026-05-18 03:01:02'),
(1,63,1,13.30,24.90,'2026-05-18 03:01:03'),
(1,64,1,56.60,90.24,'2026-05-18 03:01:04'),
(1,65,1,41.30,88.90,'2026-05-18 03:01:05'),
(1,66,2,21.45,33.00,'2026-05-18 03:01:06'),
(1,67,1,29.75,55.90,'2026-05-18 03:01:07'),
(1,68,1,14.60,19.90,'2026-05-18 03:01:08'),
(1,69,1,19.50,40.89,'2026-05-18 03:01:09'),
(1,70,1,80.43,114.90,'2026-05-18 03:01:10'),
(1,71,1,29.80,49.50,'2026-05-18 03:01:11'),
(1,72,1,25.70,43.99,'2026-05-18 03:01:12'),
(1,73,1,10.50,18.99,'2026-05-18 03:01:13'),
(1,74,1,6.90,17.50,'2026-05-18 03:01:14'),
(1,75,1,12.50,19.90,'2026-05-18 03:01:15'),
(1,76,1,12.43,17.91,'2026-05-18 03:01:16'),
(1,77,1,34.29,44.00,'2026-05-18 03:01:17'),
(1,78,1,13.00,40.00,'2026-05-18 03:01:18'),
(1,79,1,10.40,20.00,'2026-05-18 03:01:19'),
(1,80,1,13.55,38.99,'2026-05-18 03:01:20'),
(1,81,1,36.40,91.90,'2026-05-18 03:01:21'),
(1,82,1,16.40,38.80,'2026-05-18 03:01:22'),
(1,83,1,15.40,19.90,'2026-05-18 03:01:23'),
(1,85,1,90.00,149.00,'2026-05-21 03:01:25'),
(1,87,1,7.00,12.00,'2026-05-21 03:01:27'),
(1,88,1,50.00,97.99,'2026-05-21 03:01:28'),
(1,89,1,27.00,30.00,'2026-05-21 03:01:29'),
(1,90,1,28.00,30.00,'2026-05-21 03:01:30'),
(1,91,1,23.00,34.99,'2026-05-21 03:01:31'),
(1,92,1,9.03,12.90,'2026-05-21 03:01:32'),
(1,93,1,15.00,17.90,'2026-05-21 03:01:33'),
(1,94,1,17.50,49.75,'2026-05-21 03:01:34'),
(1,95,1,14.00,31.00,'2026-05-21 03:01:35'),
(1,96,1,12.00,26.00,'2026-05-21 03:01:36'),
(1,97,1,16.00,19.70,'2026-05-21 03:01:37'),
(1,98,1,20.00,50.00,'2026-05-23 03:01:38'),
(1,99,1,10.26,24.60,'2026-05-23 03:01:39'),
(1,100,1,10.27,18.00,'2026-05-23 03:01:40'),
(1,101,1,14.76,34.90,'2026-05-23 03:01:41'),
(1,102,1,10.96,17.90,'2026-05-23 03:01:42'),
(1,103,1,52.00,74.90,'2026-05-23 03:01:43'),
(1,104,1,32.00,30.00,'2026-05-23 03:01:44'),
(1,105,1,11.15,29.90,'2026-05-23 03:01:45'),
(1,106,1,9.12,18.00,'2026-05-23 03:01:46'),
(1,107,1,9.84,18.50,'2026-05-23 03:01:47'),
(1,108,1,6.24,11.00,'2026-05-23 03:01:48'),
(1,109,1,57.28,80.00,'2026-05-23 03:01:49'),
(1,110,1,14.20,36.90,'2026-05-23 03:01:50'),
(1,111,1,18.68,29.00,'2026-05-23 03:01:51'),
(1,112,1,7.56,18.90,'2026-05-23 03:01:52'),
(1,113,1,8.10,21.95,'2026-05-23 03:01:53'),
(1,114,1,12.86,35.15,'2026-05-23 03:01:54'),
(1,115,1,22.68,37.00,'2026-05-23 03:01:55'),
(1,116,1,15.92,16.15,'2026-05-23 03:01:56'),
(1,117,1,0.00,34.90,'2026-05-23 03:01:57'),
(1,118,1,15.19,29.75,'2026-05-23 03:01:58'),
(1,119,1,19.15,27.46,'2026-05-23 03:01:59'),
(1,120,1,15.70,32.90,'2026-05-23 03:02:00'),
(1,121,1,97.60,249.00,'2026-05-23 03:02:01'),
(1,122,1,9.36,19.90,'2026-05-23 03:02:02'),
(1,123,1,5.00,21.99,'2026-05-23 03:02:03'),
(1,124,1,6.80,16.00,'2026-05-23 03:02:04'),
(1,125,1,13.33,29.90,'2026-05-23 03:02:05'),
(1,126,1,87.43,473.00,'2026-05-23 03:02:06'),
(1,127,1,7.19,14.90,'2026-05-23 03:02:07'),
(1,128,1,12.59,25.00,'2026-05-23 03:02:08'),
(1,129,1,18.72,39.50,'2026-05-23 03:02:09'),
(1,130,1,17.84,36.50,'2026-05-23 03:02:10'),
(1,131,1,9.91,19.89,'2026-05-23 03:02:11'),
(1,132,1,8.80,19.00,'2026-05-23 03:02:12'),
(1,133,1,11.56,19.90,'2026-05-23 03:02:13'),
(1,134,1,0.00,31.90,'2026-05-25 03:02:14'),
(1,135,1,19.68,44.90,'2026-05-25 03:02:15'),
(1,136,1,23.92,34.90,'2026-05-25 03:02:16'),
(1,137,1,32.00,44.90,'2026-05-25 03:02:17'),
(1,138,1,15.60,39.50,'2026-05-25 03:02:18'),
(1,139,1,26.37,62.90,'2026-05-25 03:02:19'),
(1,140,1,34.24,58.00,'2026-05-25 03:02:20'),
(1,141,1,48.00,85.00,'2026-05-25 03:02:21'),
(1,142,1,18.04,34.90,'2026-05-25 03:02:22'),
(1,143,1,103.99,321.15,'2026-05-25 03:02:23'),
(1,144,1,25.60,148.00,'2026-05-25 03:02:24'),
(1,145,1,39.59,79.90,'2026-05-25 03:02:25'),
(1,146,1,18.92,39.90,'2026-05-25 03:02:26'),
(1,147,1,10.80,28.00,'2026-05-25 03:02:27'),
(1,148,1,13.59,16.99,'2026-05-25 03:02:28'),
(1,149,1,10.24,24.00,'2026-05-25 03:02:29'),
(1,150,1,29.33,69.90,'2026-05-25 03:02:30'),
(1,151,1,8.00,35.00,'2026-05-25 03:02:31'),
(1,152,1,12.56,28.00,'2026-05-25 03:02:32'),
(1,153,1,11.92,24.99,'2026-05-25 03:02:33'),
(1,154,1,11.12,20.00,'2026-05-25 03:02:34'),
(1,155,1,13.60,29.90,'2026-05-25 03:02:35'),
(1,156,1,11.51,35.00,'2026-05-25 03:02:36'),
(1,157,1,14.93,89.90,'2026-05-25 03:02:37'),
(1,158,1,32.00,52.16,'2026-05-25 03:02:38'),
(1,159,1,8.79,24.95,'2026-05-25 03:02:39'),
(1,160,1,11.32,20.00,'2026-05-25 03:02:40'),
(1,161,1,18.10,132.00,'2026-05-25 03:02:41'),
(1,162,1,7.88,37.90,'2026-05-25 03:02:42'),
(1,163,1,21.86,48.00,'2026-05-25 03:02:43'),
(1,164,1,24.00,99.90,'2026-05-25 03:02:44'),
(1,165,1,32.00,49.80,'2026-05-25 03:02:45'),
(1,166,1,29.91,200.00,'2026-05-25 03:02:46'),
(1,167,1,14.50,25.00,'2026-05-25 03:02:47'),
(1,168,1,40.00,71.91,'2026-05-25 03:02:48'),
(1,169,1,32.00,112.25,'2026-05-25 03:02:49'),
(1,170,1,12.80,36.27,'2026-05-25 03:02:50'),
(1,171,1,12.00,38.00,'2026-05-25 03:02:51'),
(1,172,1,26.36,32.95,'2026-05-25 03:02:52'),
(1,173,1,12.00,35.91,'2026-05-25 03:02:53'),
(1,174,1,9.60,15.00,'2026-05-25 03:02:54'),
(1,175,1,18.36,29.99,'2026-05-25 03:02:55'),
(1,176,1,23.59,74.90,'2026-05-25 03:02:56'),
(1,177,1,0.00,99.90,'2026-05-25 03:02:57'),
(1,178,1,15.20,49.90,'2026-05-25 03:02:58'),
(1,179,1,12.00,29.00,'2026-05-25 03:02:59'),
(1,180,1,3.20,8.00,'2026-05-25 03:03:00'),
(1,181,1,3.20,6.42,'2026-05-25 03:03:01'),
(1,182,1,3.20,8.91,'2026-05-25 03:03:02'),
(1,183,1,34.88,54.80,'2026-05-25 03:03:03'),
(1,184,1,72.00,115.00,'2026-05-25 03:03:04'),
(1,185,1,31.92,62.00,'2026-05-25 03:03:05'),
(1,186,1,111.92,139.90,'2026-05-25 03:03:06'),
(1,187,1,27.19,33.99,'2026-05-25 03:03:07'),
(1,188,1,38.38,53.90,'2026-05-25 03:03:08'),
(1,189,1,27.91,34.89,'2026-05-25 03:03:09'),
(1,190,1,21.60,41.36,'2026-05-25 03:03:10'),
(1,191,1,28.00,35.00,'2026-05-25 03:03:11'),
(1,192,1,18.34,37.00,'2026-05-25 03:03:12'),
(1,193,1,35.92,70.00,'2026-05-25 03:03:13'),
(1,194,1,39.92,79.90,'2026-05-25 03:03:14'),
(1,195,1,15.95,44.90,'2026-05-25 03:03:15'),
(1,196,1,44.00,87.90,'2026-05-25 03:03:16'),
(1,197,1,45.52,40.00,'2026-05-25 03:03:17'),
(1,198,1,23.16,37.00,'2026-05-25 03:03:18'),
(1,199,1,72.80,269.90,'2026-05-25 03:03:19'),
(1,200,1,53.94,107.91,'2026-05-25 03:03:20'),
(1,201,1,25.32,99.00,'2026-05-25 03:03:21'),
(1,202,1,36.00,195.00,'2026-05-25 03:03:22'),
(1,203,1,53.99,179.91,'2026-05-25 03:03:23'),
(1,204,1,72.00,248.99,'2026-05-25 03:03:24'),
(1,205,1,40.00,175.00,'2026-05-25 03:03:25'),
(1,206,1,87.12,400.00,'2026-05-25 03:03:26'),
(1,207,1,39.60,173.00,'2026-05-25 03:03:27'),
(1,208,1,14.40,41.00,'2026-05-25 03:03:28'),
(1,209,1,40.00,75.00,'2026-05-25 03:03:29'),
(1,210,1,13.52,16.90,'2026-05-25 03:03:30'),
(1,211,1,22.37,44.90,'2026-05-25 03:03:31'),
(1,212,1,16.56,40.41,'2026-05-25 03:03:32'),
(1,213,1,38.58,189.99,'2026-05-25 03:03:33'),
(1,214,1,7.74,24.99,'2026-05-25 03:03:34'),
(1,215,1,13.35,29.90,'2026-05-25 03:03:35'),
(1,216,1,36.04,199.90,'2026-05-25 03:03:36'),
(1,217,1,26.97,81.90,'2026-05-25 03:03:37'),
(1,218,1,19.96,24.95,'2026-05-25 03:03:38'),
(1,219,1,50.16,62.70,'2026-05-25 03:03:39'),
(1,220,1,35.61,55.00,'2026-05-25 03:03:40'),
(1,221,1,39.07,48.84,'2026-05-25 03:03:41'),
(1,222,1,31.92,98.00,'2026-05-25 03:03:42'),
(1,223,1,38.40,48.00,'2026-05-25 03:03:43'),
(1,224,1,31.84,200.00,'2026-05-25 03:03:44'),
(1,225,1,12.95,39.99,'2026-05-25 03:03:45'),
(1,226,1,80.00,202.40,'2026-05-25 03:03:46'),
(1,227,1,76.80,399.99,'2026-05-25 03:03:47'),
(1,228,1,23.44,69.89,'2026-05-25 03:03:48'),
(1,229,1,41.24,95.00,'2026-05-25 03:03:49'),
(1,230,1,43.72,54.65,'2026-05-25 03:03:50'),
(1,231,1,0.00,56.05,'2026-05-25 03:03:51'),
(1,232,1,27.36,34.20,'2026-05-25 03:03:52'),
(1,233,1,36.97,62.50,'2026-05-25 03:03:53'),
(1,234,1,17.60,50.00,'2026-05-25 03:03:54'),
(1,235,1,27.99,34.99,'2026-05-25 03:03:55'),
(1,236,1,0.00,34.90,'2026-05-25 03:03:56'),
(1,237,1,12.00,20.00,'2026-05-25 03:03:57'),
(1,238,1,27.92,34.90,'2026-05-25 03:03:58'),
(1,239,1,55.92,199.90,'2026-05-25 03:03:59'),
(1,240,1,18.80,49.90,'2026-05-25 03:04:00'),
(1,241,1,72.00,80.00,'2026-05-25 03:04:01'),
(1,242,1,28.00,35.00,'2026-05-25 03:04:02'),
(1,243,1,21.41,89.99,'2026-05-25 03:04:03'),
(1,244,1,40.00,75.90,'2026-05-25 03:04:04'),
(1,245,1,16.00,30.00,'2026-05-25 03:04:05'),
(1,246,1,16.00,29.80,'2026-05-25 03:04:06'),
(1,290,1,3.50,16.90,'2026-05-31 03:04:50'),
(1,291,1,3.50,10.99,'2026-05-31 03:04:51'),
(1,292,1,3.50,10.00,'2026-05-31 03:04:52'),
(1,293,1,3.50,18.99,'2026-05-31 03:04:53'),
(1,294,1,3.50,74.90,'2026-05-31 03:04:54'),
(1,296,1,227.50,489.00,'2026-06-12 04:27:19'),
(1,297,1,113.75,175.00,'2026-06-12 04:27:44'),
(1,298,1,57.85,89.00,'2026-06-12 04:28:18'),
(1,299,1,8.40,12.95,'2026-06-12 04:29:25'),
(1,300,1,24.65,29.00,'2026-06-12 04:48:41'),
(1,301,1,8.50,10.00,'2026-06-12 04:48:44'),
(1,302,1,17.85,21.00,'2026-06-12 04:48:47'),
(1,303,1,38.25,44.97,'2026-06-12 04:48:50'),
(1,304,1,34.85,41.00,'2026-06-12 04:48:53'),
(1,305,1,21.25,24.99,'2026-06-12 04:48:56'),
(1,306,1,57.80,68.00,'2026-06-12 04:49:14'),
(1,307,1,25.40,29.88,'2026-06-12 04:49:17'),
(1,308,1,20.80,24.50,'2026-06-12 04:49:20'),
(1,309,1,16.99,19.99,'2026-06-12 04:49:26'),
(1,310,1,50.15,59.00,'2026-06-12 04:49:29'),
(1,311,1,8.42,9.90,'2026-06-12 04:49:57'),
(1,312,1,16.49,19.40,'2026-06-12 04:50:00'),
(1,313,1,7.48,8.80,'2026-06-12 04:50:03'),
(1,314,1,14.11,16.60,'2026-06-12 04:50:06'),
(1,315,1,13.60,16.00,'2026-06-12 04:50:09'),
(1,316,1,6.50,25.99,'2026-06-12 04:54:26'),
(1,317,1,13.00,15.44,'2026-06-12 04:57:32');

INSERT INTO `snapshot_colecao` (id, fk_usuario, valor_total, data_snapshot) VALUES
(1,1,8565.62,'2025-08-30'),
(2,1,9238.47,'2025-09-06'),
(3,1,9553.42,'2025-09-13'),
(4,1,10105.97,'2025-09-20'),
(5,1,10345.96,'2025-09-27'),
(6,1,10515.00,'2025-10-04'),
(7,1,10905.84,'2025-10-11'),
(8,1,11222.54,'2025-10-18'),
(9,1,12186.25,'2025-10-25'),
(10,1,13112.05,'2025-11-01'),
(11,1,11096.86,'2026-05-15'),
(12,1,12009.04,'2026-05-20'),
(13,1,12446.23,'2026-05-21'),
(14,1,13359.52,'2026-05-23'),
(15,1,13428.82,'2026-05-25'),
(19,1,8987.77,'2025-06-28'),
(20,1,8890.96,'2025-07-05'),
(21,1,8889.89,'2025-07-12'),
(22,1,8856.82,'2025-07-19'),
(23,1,8850.85,'2025-07-26'),
(24,1,8645.24,'2025-08-02'),
(25,1,8674.16,'2025-08-09'),
(26,1,8656.55,'2025-08-16'),
(27,1,8586.69,'2025-08-23'),
(28,1,12831.25,'2025-11-08'),
(29,1,12752.43,'2025-11-15'),
(30,1,12668.72,'2025-11-22'),
(31,1,12583.91,'2025-11-29'),
(32,1,12479.18,'2025-12-06'),
(33,1,12208.26,'2025-12-13'),
(34,1,11920.85,'2025-12-20'),
(35,1,10983.20,'2025-12-27'),
(36,1,13560.60,'2026-05-31'),
(90,1,13885.60,'2026-06-01'),
(91,1,13885.60,'2026-06-02'),
(92,1,13885.60,'2026-06-03'),
(93,1,13885.60,'2026-06-04'),
(94,1,13885.60,'2026-06-05'),
(95,1,13560.60,'2026-06-06'),
(96,1,14815.73,'2026-06-07'),
(97,1,14815.73,'2026-06-08'),
(98,1,14841.72,'2026-06-09'),
(99,1,14857.16,'2026-06-10'),
(100,1,14857.16,'2026-06-11'),
(101,1,14857.16,'2026-06-12'),
(103,1,14857.16,'2026-06-12'),
(104,1,14857.16,'2026-06-13'),
(105,1,14857.16,'2026-06-14'),
(106,1,14857.16,'2026-06-15'),
(107,1,14857.16,'2026-06-16'),
(108,1,14857.16,'2026-06-18'),
(109,1,14857.16,'2026-06-22');

INSERT INTO `transacao` (id, fk_usuario, tipo_movimentacao, valor_transacao, data_movimento) VALUES
(1,1,'compra',10.00,'2026-05-18'),
(2,1,'compra',3.00,'2026-05-18'),
(3,1,'compra',8.00,'2026-05-18'),
(4,1,'compra',45.00,'2026-05-18'),
(5,1,'compra',25.00,'2026-05-18'),
(6,1,'compra',50.00,'2026-05-18'),
(7,1,'compra',30.00,'2026-05-18'),
(8,1,'compra',13.00,'2026-05-18'),
(9,1,'compra',20.00,'2026-05-18'),
(10,1,'compra',16.00,'2026-05-18'),
(11,1,'compra',9.00,'2026-05-18'),
(12,1,'compra',0.00,'2026-05-18'),
(13,1,'compra',10.00,'2026-05-18'),
(14,1,'compra',9.00,'2026-05-18'),
(15,1,'compra',26.00,'2026-05-18'),
(16,1,'compra',150.00,'2026-05-18'),
(17,1,'compra',27.00,'2026-05-18'),
(18,1,'compra',13.00,'2026-05-18'),
(19,1,'compra',8.00,'2026-05-18'),
(20,1,'compra',8.00,'2026-05-18'),
(21,1,'compra',0.00,'2026-05-18'),
(22,1,'compra',12.00,'2026-05-18'),
(23,1,'compra',13.00,'2026-05-18'),
(24,1,'compra',17.00,'2026-05-18'),
(25,1,'compra',16.00,'2026-05-18'),
(26,1,'compra',12.00,'2026-05-18'),
(27,1,'compra',12.00,'2026-05-18'),
(28,1,'compra',50.00,'2026-05-18'),
(29,1,'compra',6.00,'2026-05-18'),
(30,1,'compra',5.00,'2026-05-18'),
(31,1,'compra',12.00,'2026-05-18'),
(32,1,'compra',15.00,'2026-05-18'),
(33,1,'compra',7.00,'2026-05-18'),
(34,1,'compra',10.00,'2026-05-18'),
(35,1,'compra',7.00,'2026-05-18'),
(36,1,'compra',7.00,'2026-05-18'),
(37,1,'compra',11.00,'2026-05-18'),
(38,1,'compra',7.00,'2026-05-18'),
(39,1,'compra',16.00,'2026-05-18'),
(40,1,'compra',27.00,'2026-05-18'),
(41,1,'compra',7.00,'2026-05-18'),
(42,1,'compra',19.89,'2026-05-18'),
(43,1,'compra',27.00,'2026-05-18'),
(44,1,'compra',16.73,'2026-05-18'),
(45,1,'compra',7.94,'2026-05-18'),
(46,1,'compra',10.50,'2026-05-18'),
(47,1,'compra',18.00,'2026-05-18'),
(48,1,'compra',9.27,'2026-05-18'),
(49,1,'compra',5.60,'2026-05-18'),
(50,1,'compra',5.28,'2026-05-18'),
(51,1,'compra',10.43,'2026-05-18'),
(52,1,'compra',8.40,'2026-05-18'),
(53,1,'compra',6.92,'2026-05-18'),
(54,1,'compra',6.55,'2026-05-18'),
(55,1,'compra',23.73,'2026-05-18'),
(56,1,'compra',5.22,'2026-05-18'),
(57,1,'compra',8.05,'2026-05-18'),
(58,1,'compra',5.28,'2026-05-18'),
(59,1,'compra',15.40,'2026-05-18'),
(60,1,'compra',15.39,'2026-05-18'),
(61,1,'compra',10.36,'2026-05-18'),
(62,1,'compra',7.18,'2026-05-18'),
(63,1,'compra',8.40,'2026-05-18'),
(64,1,'compra',13.30,'2026-05-18'),
(65,1,'compra',56.60,'2026-05-18'),
(66,1,'compra',41.30,'2026-05-18'),
(67,1,'compra',11.00,'2026-05-18'),
(68,1,'compra',29.75,'2026-05-18'),
(69,1,'compra',14.60,'2026-05-18'),
(70,1,'compra',19.50,'2026-05-18'),
(71,1,'compra',80.43,'2026-05-18'),
(72,1,'compra',29.80,'2026-05-18'),
(73,1,'compra',25.70,'2026-05-18'),
(74,1,'compra',10.50,'2026-05-18'),
(75,1,'compra',6.90,'2026-05-18'),
(76,1,'compra',12.50,'2026-05-18'),
(77,1,'compra',12.43,'2026-05-18'),
(78,1,'compra',34.29,'2026-05-18'),
(79,1,'compra',13.00,'2026-05-18'),
(80,1,'compra',10.40,'2026-05-18'),
(81,1,'compra',13.55,'2026-05-18'),
(82,1,'compra',36.40,'2026-05-18'),
(83,1,'compra',16.40,'2026-05-18'),
(84,1,'compra',15.40,'2026-05-18'),
(85,1,'compra',489.60,'2026-05-18'),
(86,1,'venda',965.78,'2026-05-18'),
(87,1,'venda',824.78,'2026-05-18'),
(88,1,'compra',90.00,'2026-05-21'),
(89,1,'compra',7.00,'2026-05-21'),
(90,1,'compra',50.00,'2026-05-21'),
(91,1,'compra',27.00,'2026-05-21'),
(92,1,'compra',28.00,'2026-05-21'),
(93,1,'compra',23.00,'2026-05-21'),
(94,1,'compra',9.03,'2026-05-21'),
(95,1,'compra',15.00,'2026-05-21'),
(96,1,'compra',17.50,'2026-05-21'),
(97,1,'compra',14.00,'2026-05-21'),
(98,1,'compra',12.00,'2026-05-21'),
(99,1,'compra',16.00,'2026-05-21'),
(100,1,'compra',20.00,'2026-05-23'),
(101,1,'compra',10.26,'2026-05-23'),
(102,1,'compra',10.27,'2026-05-23'),
(103,1,'compra',14.76,'2026-05-23'),
(104,1,'compra',10.96,'2026-05-23'),
(105,1,'compra',52.00,'2026-05-23'),
(106,1,'compra',32.00,'2026-05-23'),
(107,1,'compra',11.15,'2026-05-23'),
(108,1,'compra',9.12,'2026-05-23'),
(109,1,'compra',9.84,'2026-05-23'),
(110,1,'compra',6.24,'2026-05-23'),
(111,1,'compra',57.28,'2026-05-23'),
(112,1,'compra',14.20,'2026-05-23'),
(113,1,'compra',18.68,'2026-05-23'),
(114,1,'compra',7.56,'2026-05-23'),
(115,1,'compra',8.10,'2026-05-23'),
(116,1,'compra',12.86,'2026-05-23'),
(117,1,'compra',22.68,'2026-05-23'),
(118,1,'compra',15.92,'2026-05-23'),
(119,1,'compra',0.00,'2026-05-23'),
(120,1,'compra',15.19,'2026-05-23'),
(121,1,'compra',19.15,'2026-05-23'),
(122,1,'compra',15.70,'2026-05-23'),
(123,1,'compra',97.60,'2026-05-23'),
(124,1,'compra',9.36,'2026-05-23'),
(125,1,'compra',5.00,'2026-05-23'),
(126,1,'compra',6.80,'2026-05-23'),
(127,1,'compra',13.33,'2026-05-23'),
(128,1,'compra',87.43,'2026-05-23'),
(129,1,'compra',7.19,'2026-05-23'),
(130,1,'compra',12.59,'2026-05-23'),
(131,1,'compra',18.72,'2026-05-23'),
(132,1,'compra',17.84,'2026-05-23'),
(133,1,'compra',9.91,'2026-05-23'),
(134,1,'compra',8.80,'2026-05-23'),
(135,1,'compra',11.56,'2026-05-23'),
(136,1,'compra',0.00,'2026-05-25'),
(137,1,'compra',19.68,'2026-05-25'),
(138,1,'compra',23.92,'2026-05-25'),
(139,1,'compra',32.00,'2026-05-25'),
(140,1,'compra',15.60,'2026-05-25'),
(141,1,'compra',26.37,'2026-05-25'),
(142,1,'compra',34.24,'2026-05-25'),
(143,1,'compra',48.00,'2026-05-25'),
(144,1,'compra',18.04,'2026-05-25'),
(145,1,'compra',103.99,'2026-05-25'),
(146,1,'compra',25.60,'2026-05-25'),
(147,1,'compra',39.59,'2026-05-25'),
(148,1,'compra',18.92,'2026-05-25'),
(149,1,'compra',10.80,'2026-05-25'),
(150,1,'compra',13.59,'2026-05-25'),
(151,1,'compra',10.24,'2026-05-25'),
(152,1,'compra',29.33,'2026-05-25'),
(153,1,'compra',8.00,'2026-05-25'),
(154,1,'compra',12.56,'2026-05-25'),
(155,1,'compra',11.92,'2026-05-25'),
(156,1,'compra',11.12,'2026-05-25'),
(157,1,'compra',13.60,'2026-05-25'),
(158,1,'compra',11.51,'2026-05-25'),
(159,1,'compra',14.93,'2026-05-25'),
(160,1,'compra',32.00,'2026-05-25'),
(161,1,'compra',8.79,'2026-05-25'),
(162,1,'compra',11.32,'2026-05-25'),
(163,1,'compra',18.10,'2026-05-25'),
(164,1,'compra',7.88,'2026-05-25'),
(165,1,'compra',21.86,'2026-05-25'),
(166,1,'compra',24.00,'2026-05-25'),
(167,1,'compra',32.00,'2026-05-25'),
(168,1,'compra',29.91,'2026-05-25'),
(169,1,'compra',14.50,'2026-05-25'),
(170,1,'compra',40.00,'2026-05-25'),
(171,1,'compra',32.00,'2026-05-25'),
(172,1,'compra',12.80,'2026-05-25'),
(173,1,'compra',12.00,'2026-05-25'),
(174,1,'compra',26.36,'2026-05-25'),
(175,1,'compra',12.00,'2026-05-25'),
(176,1,'compra',9.60,'2026-05-25'),
(177,1,'compra',18.36,'2026-05-25'),
(178,1,'compra',23.59,'2026-05-25'),
(179,1,'compra',0.00,'2026-05-25'),
(180,1,'compra',15.20,'2026-05-25'),
(181,1,'compra',12.00,'2026-05-25'),
(182,1,'compra',3.20,'2026-05-25'),
(183,1,'compra',3.20,'2026-05-25'),
(184,1,'compra',3.20,'2026-05-25'),
(185,1,'compra',34.88,'2026-05-25'),
(186,1,'compra',72.00,'2026-05-25'),
(187,1,'compra',31.92,'2026-05-25'),
(188,1,'compra',111.92,'2026-05-25'),
(189,1,'compra',27.19,'2026-05-25'),
(190,1,'compra',38.38,'2026-05-25'),
(191,1,'compra',27.91,'2026-05-25'),
(192,1,'compra',21.60,'2026-05-25'),
(193,1,'compra',28.00,'2026-05-25'),
(194,1,'compra',18.34,'2026-05-25'),
(195,1,'compra',35.92,'2026-05-25'),
(196,1,'compra',39.92,'2026-05-25'),
(197,1,'compra',15.95,'2026-05-25'),
(198,1,'compra',44.00,'2026-05-25'),
(199,1,'compra',45.52,'2026-05-25'),
(200,1,'compra',23.16,'2026-05-25'),
(201,1,'compra',72.80,'2026-05-25'),
(202,1,'compra',53.94,'2026-05-25'),
(203,1,'compra',25.32,'2026-05-25'),
(204,1,'compra',36.00,'2026-05-25'),
(205,1,'compra',53.99,'2026-05-25'),
(206,1,'compra',72.00,'2026-05-25'),
(207,1,'compra',40.00,'2026-05-25'),
(208,1,'compra',87.12,'2026-05-25'),
(209,1,'compra',39.60,'2026-05-25'),
(210,1,'compra',14.40,'2026-05-25'),
(211,1,'compra',40.00,'2026-05-25'),
(212,1,'compra',13.52,'2026-05-25'),
(213,1,'compra',22.37,'2026-05-25'),
(214,1,'compra',16.56,'2026-05-25'),
(215,1,'compra',38.58,'2026-05-25'),
(216,1,'compra',7.74,'2026-05-25'),
(217,1,'compra',13.35,'2026-05-25'),
(218,1,'compra',36.04,'2026-05-25'),
(219,1,'compra',26.97,'2026-05-25'),
(220,1,'compra',19.96,'2026-05-25'),
(221,1,'compra',50.16,'2026-05-25'),
(222,1,'compra',35.61,'2026-05-25'),
(223,1,'compra',39.07,'2026-05-25'),
(224,1,'compra',31.92,'2026-05-25'),
(225,1,'compra',38.40,'2026-05-25'),
(226,1,'compra',31.84,'2026-05-25'),
(227,1,'compra',12.95,'2026-05-25'),
(228,1,'compra',80.00,'2026-05-25'),
(229,1,'compra',76.80,'2026-05-25'),
(230,1,'compra',23.44,'2026-05-25'),
(231,1,'compra',41.24,'2026-05-25'),
(232,1,'compra',43.72,'2026-05-25'),
(233,1,'compra',0.00,'2026-05-25'),
(234,1,'compra',27.36,'2026-05-25'),
(235,1,'compra',36.97,'2026-05-25'),
(236,1,'compra',17.60,'2026-05-25'),
(237,1,'compra',27.99,'2026-05-25'),
(238,1,'compra',0.00,'2026-05-25'),
(239,1,'compra',12.00,'2026-05-25'),
(240,1,'compra',27.92,'2026-05-25'),
(241,1,'compra',55.92,'2026-05-25'),
(242,1,'compra',18.80,'2026-05-25'),
(243,1,'compra',72.00,'2026-05-25'),
(244,1,'compra',28.00,'2026-05-25'),
(245,1,'compra',21.41,'2026-05-25'),
(246,1,'compra',40.00,'2026-05-25'),
(247,1,'compra',16.00,'2026-05-25'),
(248,1,'compra',16.00,'2026-05-25'),
(249,1,'compra',4.69,'2024-06-04'),
(250,1,'compra',4.75,'2024-06-13'),
(251,1,'compra',6.73,'2024-06-14'),
(252,1,'compra',12.24,'2024-06-16'),
(253,1,'compra',12.17,'2024-06-17'),
(254,1,'compra',12.23,'2024-06-23'),
(255,1,'compra',10.20,'2024-06-24'),
(256,1,'compra',10.20,'2024-07-06'),
(257,1,'compra',12.02,'2024-07-11'),
(258,1,'compra',12.23,'2024-07-11'),
(259,1,'compra',12.24,'2024-07-15'),
(260,1,'compra',12.23,'2024-07-18'),
(261,1,'compra',18.70,'2024-07-18'),
(262,1,'compra',18.70,'2024-07-20'),
(263,1,'compra',13.53,'2024-07-22'),
(264,1,'compra',13.60,'2024-07-23'),
(265,1,'compra',27.13,'2024-07-23'),
(266,1,'compra',16.66,'2024-07-28'),
(267,1,'compra',15.29,'2024-08-03'),
(268,1,'compra',15.50,'2024-08-11'),
(269,1,'compra',27.13,'2024-08-19'),
(270,1,'compra',18.29,'2024-08-21'),
(271,1,'compra',27.20,'2024-08-23'),
(272,1,'compra',23.05,'2024-09-07'),
(273,1,'compra',23.73,'2024-09-10'),
(274,1,'compra',20.23,'2024-09-19'),
(275,1,'compra',25.77,'2024-09-20'),
(276,1,'compra',27.20,'2024-09-21'),
(277,1,'compra',25.77,'2024-09-23'),
(278,1,'compra',28.56,'2024-09-25'),
(279,1,'compra',34.68,'2024-09-28'),
(280,1,'compra',37.33,'2024-09-28'),
(281,1,'compra',44.13,'2024-10-04'),
(282,1,'compra',21.56,'2024-10-14'),
(283,1,'compra',31.62,'2024-10-19'),
(284,1,'compra',34.00,'2024-10-21'),
(285,1,'compra',43.86,'2024-10-21'),
(286,1,'compra',34.00,'2024-10-21'),
(287,1,'compra',38.76,'2024-10-27'),
(288,1,'compra',40.80,'2024-10-29'),
(289,1,'compra',74.29,'2024-11-20'),
(290,1,'compra',53.04,'2024-11-22'),
(291,1,'compra',53.65,'2024-11-24'),
(292,1,'compra',53.65,'2024-11-29'),
(293,1,'compra',25.70,'2024-12-01'),
(294,1,'compra',34.00,'2024-12-03'),
(295,1,'compra',74.73,'2024-12-04'),
(296,1,'compra',64.60,'2024-12-07'),
(297,1,'compra',50.64,'2024-12-11'),
(298,1,'compra',80.85,'2024-12-12'),
(299,1,'compra',78.20,'2024-12-12'),
(300,1,'compra',103.36,'2025-01-01'),
(301,1,'compra',101.12,'2025-01-03'),
(302,1,'compra',91.12,'2025-01-03'),
(303,1,'compra',100.64,'2025-01-16'),
(304,1,'compra',149.53,'2025-01-19'),
(305,1,'compra',122.33,'2025-01-22'),
(306,1,'compra',115.53,'2025-02-14'),
(307,1,'compra',108.80,'2025-03-02'),
(308,1,'compra',125.80,'2025-03-07'),
(309,1,'compra',133.28,'2025-03-07'),
(310,1,'compra',271.97,'2025-03-10'),
(311,1,'compra',407.99,'2025-03-15'),
(312,1,'venda',7.96,'2025-03-20'),
(313,1,'venda',9.86,'2025-03-31'),
(314,1,'venda',13.40,'2025-04-08'),
(315,1,'venda',16.50,'2025-04-12'),
(316,1,'venda',16.50,'2025-04-16'),
(317,1,'venda',20.64,'2025-04-17'),
(318,1,'venda',25.00,'2025-04-20'),
(319,1,'venda',19.00,'2025-04-30'),
(320,1,'venda',15.00,'2025-05-10'),
(321,1,'venda',28.83,'2025-05-11'),
(322,1,'venda',30.61,'2025-05-12'),
(323,1,'venda',30.66,'2025-05-24'),
(324,1,'venda',31.67,'2025-05-25'),
(325,1,'venda',31.67,'2025-05-27'),
(326,1,'venda',38.50,'2025-06-01'),
(327,1,'venda',35.23,'2025-06-03'),
(328,1,'venda',33.33,'2025-06-04'),
(329,1,'venda',33.00,'2025-06-06'),
(330,1,'venda',36.19,'2025-06-10'),
(331,1,'venda',40.18,'2025-06-30'),
(332,1,'venda',36.15,'2025-07-01'),
(333,1,'venda',35.50,'2025-07-01'),
(334,1,'venda',33.60,'2025-07-05'),
(335,1,'venda',45.60,'2025-07-05'),
(336,1,'venda',54.00,'2025-07-10'),
(337,1,'venda',48.60,'2025-07-18'),
(338,1,'venda',59.38,'2025-07-19'),
(339,1,'venda',57.27,'2025-07-21'),
(340,1,'venda',51.67,'2025-07-27'),
(341,1,'venda',62.31,'2025-07-28'),
(342,1,'venda',49.02,'2025-07-29'),
(343,1,'venda',65.51,'2025-07-29'),
(344,1,'venda',55.00,'2025-07-30'),
(345,1,'venda',71.75,'2025-07-31'),
(346,1,'venda',83.77,'2025-08-12'),
(347,1,'venda',80.19,'2025-08-23'),
(348,1,'venda',76.42,'2025-08-23'),
(349,1,'venda',82.67,'2025-08-28'),
(350,1,'venda',75.60,'2025-09-05'),
(351,1,'venda',92.90,'2025-09-16'),
(352,1,'venda',85.80,'2025-09-25'),
(353,1,'venda',65.00,'2025-09-26'),
(354,1,'venda',124.02,'2025-09-28'),
(355,1,'venda',94.90,'2025-10-03'),
(356,1,'venda',115.83,'2025-10-05'),
(357,1,'venda',127.79,'2025-10-06'),
(358,1,'venda',127.02,'2025-10-17'),
(359,1,'venda',138.33,'2025-10-20'),
(360,1,'venda',147.75,'2025-10-23'),
(361,1,'venda',187.36,'2025-11-02'),
(362,1,'venda',171.11,'2025-11-04'),
(363,1,'venda',182.70,'2025-11-06'),
(364,1,'venda',204.29,'2025-11-09'),
(365,1,'venda',193.25,'2025-11-22'),
(366,1,'venda',173.00,'2025-11-25'),
(367,1,'venda',209.21,'2025-11-30'),
(368,1,'venda',254.50,'2025-12-10'),
(369,1,'venda',281.88,'2025-12-13'),
(370,1,'venda',265.51,'2025-12-14'),
(371,1,'venda',271.26,'2025-12-15'),
(372,1,'venda',298.69,'2025-12-23'),
(373,1,'venda',541.37,'2025-12-25'),
(374,1,'venda',674.66,'2025-12-27'),
(375,1,'compra',3.50,'2026-05-31'),
(376,1,'compra',3.50,'2026-05-31'),
(377,1,'compra',3.50,'2026-05-31'),
(378,1,'compra',3.50,'2026-05-31'),
(379,1,'compra',3.50,'2026-05-31'),
(381,1,'compra',50.00,'2026-06-12'),
(382,1,'venda',500.00,'2026-06-12'),
(383,1,'compra',21.45,'2026-06-12'),
(384,1,'compra',227.50,'2026-06-12'),
(385,1,'compra',113.75,'2026-06-12'),
(386,1,'compra',57.85,'2026-06-12'),
(387,1,'compra',8.40,'2026-06-12'),
(388,1,'compra',24.65,'2026-06-12'),
(389,1,'compra',8.50,'2026-06-12'),
(390,1,'compra',17.85,'2026-06-12'),
(391,1,'compra',38.25,'2026-06-12'),
(392,1,'compra',34.85,'2026-06-12'),
(393,1,'compra',21.25,'2026-06-12'),
(394,1,'compra',57.80,'2026-06-12'),
(395,1,'compra',25.40,'2026-06-12'),
(396,1,'compra',20.80,'2026-06-12'),
(397,1,'compra',17.85,'2026-06-12'),
(398,1,'compra',16.99,'2026-06-12'),
(399,1,'compra',50.15,'2026-06-12'),
(400,1,'compra',8.42,'2026-06-12'),
(401,1,'compra',16.49,'2026-06-12'),
(402,1,'compra',7.48,'2026-06-12'),
(403,1,'compra',14.11,'2026-06-12'),
(404,1,'compra',13.60,'2026-06-12'),
(405,1,'compra',6.50,'2026-06-12'),
(406,1,'compra',13.00,'2026-06-12'),
(407,1,'compra',0.00,'2026-06-12'),
(408,1,'venda',0.00,'2026-06-12');

SET FOREIGN_KEY_CHECKS = 1;